Metric,Value
Test Loss,0.2846125955028193
Test Dice Score,0.7680370807647705
Number of Models,5
