Metric,Value
Test Loss,0.32465224370123846
Test Dice Score,0.7325916886329651
Number of Models,5
